CU,Name,StageIn,Allocate,Exec,StageOut,Done
unit.000000,cpptraj_tr1,5.34855699539,5.35669589043,5.36042404175,570.288272858,571.367705822
