CU,Name,StageIn,Allocate,Exec,StageOut,Done
unit.000000,cpptraj_tr1,5.34917402267,5.35720515251,5.36103320122,581.718719006,583.084842205
