CU,Name,StageIn,Allocate,Exec,StageOut,Done
unit.000000,cpptraj_tr1,6.31533479691,6.45387482643,6.45758891106,580.314008951,581.558324814
