t,count,max,mean,min,stddev,p50,p75,p95,p98,p99,p999
1506106557,0,0,0.000000,0,0.000000,0.000000,0.000000,0.000000,0.000000,0.000000,0.000000
