Number_Clusters,Number_Points_per_Cluster,Number_Dim,Number_Points_per_Message,Interval,Number_Partitions, Time
100,100,3,5000,120,48,0.16284
100,1000,3,5000,120,48,0.64679
100,10000,3,5000,120,48,6.43089
100,100000,3,5000,120,48,68.55331
100,1000000,3,5000,120,48,692.50015
