Number_Clusters,Number_Points_per_Cluster,Number_Dim,Number_Points_per_Message,Interval,Number_Partitions, Time
100,100,3,5000,120,48,0.21396
100,1000,3,5000,120,48,1.02196
100,10000,3,5000,120,48,6.89701
100,100000,3,5000,120,48,69.17620
100,1000000,3,5000,120,48,632.20996
