Number_Clusters,Number_Points_per_Cluster,Number_Dim,Number_Points_per_Message,Interval,Number_Partitions, Time
100,100,3,5000,120,96,0.21306
100,1000,3,5000,120,96,1.07844
100,10000,3,5000,120,96,6.26646
100,100000,3,5000,120,96,64.34900
100,1000000,3,5000,120,96,657.54580
