Number_Clusters,Number_Points_per_Cluster,Number_Dim,Number_Points_per_Message,Interval,Number_Partitions, Time
100,100,3,5000,120,48,0.21481
100,1000,3,5000,120,48,1.14100
100,10000,3,5000,120,48,6.17800
100,100000,3,5000,120,48,63.24486
100,1000000,3,5000,120,48,757.85065
