Number_Clusters,Number_Points_per_Cluster,Number_Dim,Number_Points_per_Message,Interval,Number_Partitions, Time
100,100,3,5000,120,48,0.24396
100,1000,3,5000,120,48,0.72579
100,10000,3,5000,120,48,7.50473
100,100000,3,5000,120,48,87.12239
