Number_Clusters,Number_Points_per_Cluster,Number_Dim,Number_Points_per_Message,Interval,Number_Partitions, Time
100,100,3,5000,120,48,0.22918
100,1000,3,5000,120,48,0.70594
100,10000,3,5000,120,48,7.89194
100,100000,3,5000,120,48,78.14491
