Number_Clusters,Number_Points_per_Cluster,        Number_Dim,Number_Points_per_Message,Interval,        Number_Partitions, Time
100,100,3,5000,120,192,0.19115
100,1000,3,5000,120,192,0.85928
100,10000,3,5000,120,192,5.81593
100,100000,3,5000,120,192,60.35496
100,1000000,3,5000,120,192,593.86529
