Number_Clusters,Number_Points_per_Cluster,Number_Dim,Number_Points_per_Message,Interval,Number_Partitions, Time
100,100,3,5000,120,192,0.19075
100,1000,3,5000,120,192,0.69679
100,10000,3,5000,120,192,6.03172
100,100000,3,5000,120,192,57.65140
100,1000000,3,5000,120,192,645.13411
